CustomerID,TimeOfVisit,GroupSize,DiningOccasion,ServiceRating,FoodRating,AmbianceRating,HighSatisfaction
654,Breakfast,3,Business,2,5,4,0
655,Dinner,1,Casual,5,5,3,0
656,Dinner,6,Celebration,3,4,5,0
657,Lunch,1,Celebration,4,5,1,0
658,Breakfast,1,Business,2,3,5,0
659,Dinner,8,Celebration,4,5,3,0
660,Lunch,6,Business,5,4,1,0
661,Dinner,6,Business,4,3,3,0
662,Breakfast,5,Celebration,2,4,5,0
663,Lunch,9,Casual,4,3,1,0
664,Breakfast,5,Business,1,3,2,0
665,Dinner,8,Casual,3,3,3,0
666,Breakfast,4,Casual,5,2,4,0
667,Dinner,4,Business,1,4,3,0
668,Lunch,2,Celebration,2,4,2,0
669,Lunch,2,Business,4,4,3,0
670,Dinner,4,Casual,3,5,5,1
671,Dinner,3,Casual,1,3,3,0
672,Dinner,1,Casual,3,1,3,0
673,Dinner,4,Casual,1,2,1,0
674,Dinner,5,Celebration,1,1,3,0
675,Dinner,9,Business,3,2,5,0
676,Dinner,5,Celebration,4,4,5,0
677,Lunch,6,Casual,2,2,3,0
678,Lunch,7,Casual,3,3,3,0
679,Breakfast,1,Casual,3,2,1,0
680,Dinner,6,Business,5,1,5,0
681,Breakfast,1,Celebration,2,4,1,1
682,Lunch,7,Celebration,3,1,4,0
683,Lunch,3,Celebration,5,3,2,0
684,Lunch,3,Business,3,1,1,0
685,Lunch,3,Celebration,3,5,5,0
686,Breakfast,2,Business,3,1,3,0
687,Lunch,3,Celebration,1,2,2,0
688,Lunch,1,Business,4,1,4,1
689,Dinner,2,Celebration,5,2,5,0
690,Lunch,1,Celebration,5,3,5,0
691,Breakfast,2,Business,3,3,1,0
692,Lunch,8,Business,5,1,2,0
693,Breakfast,1,Business,1,2,4,0
694,Dinner,7,Casual,3,5,1,0
695,Breakfast,8,Casual,3,4,5,0
696,Dinner,8,Celebration,2,4,2,0
697,Breakfast,1,Celebration,2,1,4,0
698,Lunch,8,Celebration,1,5,2,0
699,Breakfast,5,Celebration,5,1,3,0
700,Breakfast,3,Business,1,4,2,0
701,Dinner,6,Celebration,5,1,4,0
702,Dinner,8,Celebration,2,2,2,0
703,Breakfast,1,Business,4,1,4,1
704,Breakfast,2,Celebration,1,1,4,0
705,Dinner,1,Casual,5,2,4,0
706,Lunch,8,Business,2,2,2,0
707,Dinner,4,Casual,1,2,2,0
708,Dinner,6,Celebration,5,3,1,0
709,Breakfast,1,Business,5,4,2,0
710,Lunch,4,Business,3,5,4,0
711,Breakfast,3,Casual,5,1,5,0
712,Breakfast,7,Celebration,3,2,5,0
713,Breakfast,1,Celebration,3,3,3,0
714,Dinner,4,Business,3,3,5,0
715,Lunch,6,Casual,5,3,4,0
716,Breakfast,1,Business,3,4,2,0
717,Lunch,2,Celebration,5,5,1,0
718,Breakfast,8,Celebration,1,1,1,0
719,Lunch,2,Casual,3,3,2,0
720,Breakfast,1,Business,2,4,4,1
721,Dinner,2,Celebration,4,3,5,0
722,Breakfast,6,Casual,3,1,1,0
723,Lunch,1,Business,5,2,2,0
724,Lunch,8,Celebration,5,5,1,1
725,Breakfast,5,Casual,3,2,3,0
726,Dinner,6,Celebration,2,3,2,0
727,Dinner,4,Celebration,3,1,5,0
728,Dinner,3,Casual,2,5,3,0
729,Breakfast,9,Celebration,1,3,5,0
730,Breakfast,1,Celebration,1,3,3,0
731,Lunch,7,Celebration,5,4,1,0
732,Dinner,3,Casual,4,5,5,1
733,Lunch,9,Celebration,2,2,4,0
734,Dinner,8,Casual,4,4,1,0
735,Lunch,6,Celebration,4,3,2,0
736,Lunch,4,Celebration,5,1,4,0
737,Breakfast,4,Casual,5,4,4,0
738,Dinner,3,Casual,2,3,5,0
739,Breakfast,6,Celebration,1,2,3,0
740,Dinner,8,Celebration,2,2,5,1
741,Lunch,7,Celebration,3,4,1,0
742,Dinner,4,Celebration,5,2,4,0
743,Lunch,1,Celebration,2,3,5,0
744,Lunch,3,Celebration,1,2,5,0
745,Dinner,2,Business,1,4,2,0
746,Dinner,7,Celebration,1,5,2,0
747,Dinner,2,Celebration,4,4,1,1
748,Dinner,4,Business,3,2,3,0
749,Lunch,2,Business,4,3,4,0
750,Dinner,6,Casual,3,5,5,0
751,Lunch,8,Casual,1,1,5,0
752,Breakfast,8,Casual,5,5,5,1
753,Breakfast,3,Business,3,5,1,0
754,Lunch,1,Celebration,2,3,5,0
755,Lunch,6,Business,4,3,4,0
756,Dinner,1,Casual,2,1,3,0
757,Breakfast,7,Business,1,4,4,0
758,Dinner,8,Business,3,4,5,0
759,Dinner,7,Celebration,2,5,1,0
760,Breakfast,9,Business,4,5,5,0
761,Breakfast,3,Celebration,4,4,3,0
762,Breakfast,9,Casual,2,2,5,0
763,Breakfast,3,Celebration,1,1,4,0
764,Breakfast,2,Celebration,3,2,5,1
765,Breakfast,7,Business,5,2,2,0
766,Lunch,7,Business,3,5,5,0
767,Dinner,7,Business,4,2,2,0
768,Breakfast,5,Business,4,3,5,0
769,Breakfast,4,Casual,2,4,5,0
770,Dinner,5,Business,1,5,3,0
771,Lunch,7,Casual,1,2,2,0
772,Breakfast,9,Business,2,4,3,0
773,Breakfast,7,Business,4,4,3,0
774,Lunch,7,Business,2,2,5,0
775,Breakfast,1,Celebration,1,5,2,0
776,Dinner,1,Casual,1,4,2,0
777,Lunch,1,Business,4,1,2,0
778,Breakfast,5,Celebration,2,5,1,0
779,Lunch,5,Casual,1,4,3,0
780,Dinner,3,Casual,3,4,3,1
781,Dinner,4,Business,3,5,4,0
782,Lunch,8,Casual,2,1,4,0
783,Dinner,4,Celebration,4,1,2,0
784,Lunch,9,Celebration,5,4,1,0
785,Dinner,9,Business,3,5,5,0
786,Breakfast,9,Celebration,3,3,1,0
787,Lunch,4,Casual,3,4,2,0
788,Breakfast,6,Celebration,4,2,3,0
789,Lunch,6,Business,1,3,2,0
790,Dinner,3,Casual,2,5,2,0
791,Lunch,4,Business,1,5,5,1
792,Lunch,3,Celebration,1,1,1,0
793,Breakfast,1,Casual,2,3,2,0
794,Breakfast,8,Celebration,5,2,4,1
795,Dinner,6,Casual,3,2,4,0
796,Dinner,7,Business,3,4,1,0
797,Lunch,9,Celebration,3,1,1,0
798,Lunch,1,Celebration,1,5,1,0
799,Dinner,1,Celebration,3,4,5,0
800,Dinner,5,Business,3,4,1,0
801,Lunch,8,Casual,2,5,4,0
802,Lunch,5,Celebration,3,3,3,0
803,Dinner,3,Celebration,5,1,1,0
804,Lunch,9,Casual,5,2,3,0
805,Lunch,9,Casual,4,3,4,0
806,Dinner,1,Casual,2,4,3,0
807,Breakfast,5,Business,2,3,5,0
808,Dinner,7,Business,5,5,1,0
809,Breakfast,7,Casual,2,4,2,0
810,Dinner,8,Business,3,5,1,0
811,Breakfast,6,Celebration,1,3,4,0
812,Dinner,2,Celebration,2,2,5,1
813,Lunch,4,Casual,2,4,1,0
814,Lunch,7,Celebration,1,2,5,0
815,Breakfast,1,Celebration,2,1,4,0
816,Dinner,2,Celebration,4,4,5,0
817,Lunch,5,Celebration,2,2,1,0
818,Breakfast,5,Business,1,5,4,0
819,Dinner,3,Celebration,2,3,5,0
820,Breakfast,9,Casual,5,1,2,0
821,Lunch,8,Celebration,1,4,1,0
822,Lunch,8,Business,1,5,2,0
823,Dinner,1,Casual,4,4,4,0
824,Dinner,6,Casual,5,2,4,0
825,Lunch,3,Celebration,5,2,2,1
826,Dinner,4,Business,2,5,1,0
827,Dinner,7,Celebration,2,4,4,0
828,Breakfast,4,Casual,2,4,1,0
829,Dinner,3,Business,1,3,4,0
830,Dinner,9,Celebration,1,5,5,1
831,Dinner,8,Casual,1,2,1,0
832,Breakfast,6,Celebration,3,5,3,0
833,Lunch,5,Business,4,1,2,0
834,Lunch,3,Celebration,3,5,2,0
835,Breakfast,5,Casual,1,2,3,0
836,Breakfast,8,Business,1,5,3,0
837,Lunch,8,Casual,2,5,2,0
838,Breakfast,7,Business,4,3,1,0
839,Dinner,5,Celebration,3,5,4,0
840,Lunch,5,Business,5,1,3,0
841,Dinner,6,Casual,4,3,3,0
842,Breakfast,7,Celebration,5,3,4,0
843,Dinner,7,Business,2,2,5,0
844,Breakfast,2,Business,2,5,2,0
845,Breakfast,9,Casual,1,2,2,0
846,Breakfast,4,Business,4,5,5,0
847,Breakfast,2,Business,1,5,4,0
848,Breakfast,2,Casual,4,4,3,0
849,Dinner,8,Business,4,5,1,0
850,Lunch,7,Casual,3,2,4,0
851,Breakfast,8,Business,1,2,3,0
852,Breakfast,4,Casual,5,3,1,0
853,Breakfast,8,Business,5,2,1,0
854,Breakfast,4,Business,4,2,2,0
855,Dinner,2,Business,4,5,5,0
856,Breakfast,8,Casual,5,3,2,0
857,Breakfast,7,Business,5,4,5,0
858,Dinner,5,Casual,5,2,3,0
859,Lunch,9,Casual,3,1,2,0
860,Lunch,7,Celebration,2,2,5,0
861,Dinner,5,Casual,5,1,4,0
862,Lunch,8,Celebration,4,1,4,1
863,Dinner,2,Celebration,2,2,1,0
864,Lunch,7,Celebration,4,3,1,0
865,Breakfast,5,Casual,1,2,5,0
866,Lunch,6,Casual,3,3,5,0
867,Lunch,6,Celebration,2,3,1,0
868,Breakfast,9,Casual,4,5,2,0
869,Lunch,2,Celebration,2,3,4,0
870,Breakfast,7,Business,4,2,5,0
871,Breakfast,8,Business,2,5,2,0
872,Breakfast,8,Casual,1,3,5,0
873,Breakfast,1,Casual,3,4,4,0
874,Breakfast,8,Business,5,5,4,0
875,Breakfast,6,Business,2,1,3,0
876,Dinner,6,Business,4,2,3,0
877,Breakfast,4,Celebration,4,1,1,0
878,Breakfast,2,Casual,5,4,5,0
879,Breakfast,8,Celebration,2,2,4,0
880,Lunch,3,Business,5,2,1,0
881,Breakfast,8,Business,4,2,4,0
882,Lunch,3,Casual,3,3,5,0
883,Breakfast,1,Business,2,4,3,0
884,Lunch,6,Casual,5,4,1,0
885,Dinner,2,Business,3,1,1,0
886,Lunch,9,Casual,1,3,5,0
887,Breakfast,8,Business,4,4,4,0
888,Dinner,1,Business,2,2,4,0
889,Lunch,3,Business,1,3,5,0
890,Lunch,1,Business,4,5,5,0
891,Dinner,4,Casual,4,5,3,0
892,Breakfast,9,Celebration,5,4,5,1
893,Dinner,5,Celebration,3,1,2,0
894,Breakfast,7,Casual,1,3,5,0
895,Lunch,5,Business,4,2,4,0
896,Breakfast,2,Casual,2,3,3,0
897,Breakfast,4,Celebration,1,5,2,0
898,Dinner,2,Celebration,2,1,1,1
899,Breakfast,8,Casual,5,4,1,0
900,Dinner,6,Celebration,2,3,5,0
901,Breakfast,1,Casual,5,4,1,0
902,Breakfast,8,Casual,2,1,5,0
903,Breakfast,2,Business,3,4,1,0
904,Lunch,7,Business,1,2,2,0
905,Breakfast,7,Celebration,2,3,2,0
906,Dinner,2,Business,4,3,3,0
907,Breakfast,8,Celebration,3,5,1,0
908,Dinner,9,Celebration,1,2,2,0
909,Dinner,4,Casual,1,1,4,0
910,Dinner,2,Casual,1,1,3,0
911,Breakfast,3,Business,5,5,4,1
912,Breakfast,4,Casual,3,5,5,1
913,Dinner,7,Celebration,4,1,1,0
914,Breakfast,3,Celebration,4,5,1,1
915,Lunch,4,Casual,4,2,3,0
916,Breakfast,1,Celebration,4,4,1,1
917,Breakfast,2,Casual,4,1,2,0
918,Dinner,7,Business,5,1,4,0
919,Lunch,5,Casual,1,5,4,0
920,Lunch,3,Celebration,3,2,1,0
921,Lunch,8,Business,4,4,4,0
922,Dinner,1,Celebration,3,2,4,0
923,Dinner,7,Casual,2,4,4,0
924,Lunch,2,Casual,3,1,2,0
925,Breakfast,5,Business,5,1,1,0
926,Breakfast,2,Business,1,5,3,0
927,Dinner,7,Celebration,5,5,4,1
928,Lunch,9,Celebration,2,1,1,0
929,Lunch,7,Business,2,2,4,0
930,Lunch,3,Casual,4,1,1,0
931,Lunch,4,Casual,5,2,2,0
932,Dinner,9,Business,2,3,1,0
933,Dinner,9,Business,4,1,2,0
934,Breakfast,4,Celebration,1,2,3,0
935,Lunch,1,Celebration,5,5,5,0
936,Breakfast,1,Celebration,2,2,1,0
937,Breakfast,3,Casual,2,2,4,0
938,Lunch,5,Business,4,3,3,0
939,Breakfast,5,Celebration,5,4,5,0
940,Breakfast,9,Celebration,3,4,3,0
941,Lunch,5,Celebration,2,5,2,0
942,Breakfast,4,Celebration,2,3,4,0
943,Dinner,8,Celebration,2,5,5,0
944,Breakfast,6,Celebration,3,4,3,0
945,Dinner,4,Celebration,1,5,5,1
946,Dinner,3,Business,1,3,4,0
947,Lunch,2,Business,4,1,5,0
948,Dinner,3,Celebration,2,1,1,0
949,Lunch,6,Celebration,1,4,2,0
950,Dinner,7,Business,4,1,4,0
951,Breakfast,4,Business,4,1,1,0
952,Lunch,3,Celebration,2,1,1,0
953,Dinner,2,Celebration,5,5,2,0
954,Breakfast,5,Casual,5,2,3,0
955,Breakfast,9,Celebration,1,1,1,0
956,Dinner,7,Casual,1,5,1,0
957,Dinner,5,Celebration,5,3,4,0
958,Lunch,8,Celebration,5,3,3,0
959,Breakfast,9,Celebration,4,2,2,0
960,Lunch,5,Casual,5,2,2,0
961,Lunch,3,Casual,4,1,5,0
962,Breakfast,1,Celebration,5,2,2,0
963,Breakfast,2,Celebration,4,1,3,0
964,Lunch,4,Business,4,5,2,0
965,Lunch,1,Business,1,1,1,0
966,Lunch,3,Business,4,2,5,0
967,Dinner,5,Casual,2,3,4,0
968,Lunch,4,Business,5,5,5,1
969,Breakfast,5,Business,2,4,2,0
970,Breakfast,9,Celebration,3,4,5,0
971,Dinner,3,Casual,1,1,2,1
972,Dinner,8,Business,5,1,5,0
973,Lunch,6,Casual,3,4,2,0
974,Lunch,8,Business,3,1,3,0
975,Lunch,8,Business,5,4,5,0
976,Breakfast,6,Business,1,2,5,0
977,Breakfast,8,Casual,3,3,3,0
978,Dinner,4,Celebration,1,2,4,0
979,Lunch,8,Business,4,3,5,0
980,Dinner,9,Celebration,5,3,5,0
981,Dinner,5,Business,3,4,2,0
982,Breakfast,8,Business,4,3,4,0
983,Lunch,8,Casual,3,5,4,0
984,Breakfast,9,Casual,2,3,4,0
985,Lunch,2,Casual,5,4,1,1
986,Breakfast,7,Casual,3,4,4,0
987,Lunch,1,Celebration,3,1,3,0
988,Breakfast,4,Casual,4,5,5,1
989,Breakfast,5,Business,1,2,4,0
990,Breakfast,4,Celebration,4,2,4,1
991,Dinner,2,Business,5,4,2,1
992,Lunch,5,Business,3,4,1,0
993,Lunch,2,Business,1,3,2,0
994,Lunch,7,Business,2,1,1,0
995,Dinner,7,Casual,3,3,5,0
996,Breakfast,8,Casual,1,1,3,0
997,Lunch,6,Casual,1,4,5,0
998,Breakfast,2,Casual,2,2,1,0
999,Lunch,4,Casual,1,2,2,0
1000,Lunch,8,Casual,1,5,3,0
1001,Breakfast,9,Celebration,3,5,5,0
1002,Breakfast,7,Casual,2,3,2,0
1003,Dinner,6,Business,5,1,2,0
1004,Lunch,3,Business,4,1,4,0
1005,Lunch,5,Business,4,1,1,0
1006,Dinner,2,Business,5,3,3,0
1007,Lunch,1,Celebration,1,3,1,0
1008,Breakfast,3,Celebration,3,4,1,0
1009,Dinner,7,Business,3,3,4,0
1010,Dinner,1,Business,2,4,5,0
1011,Dinner,4,Business,4,1,4,0
1012,Lunch,3,Casual,2,5,4,0
1013,Lunch,9,Business,3,5,3,0
1014,Breakfast,4,Celebration,1,5,1,1
1015,Breakfast,5,Casual,3,3,1,0
1016,Dinner,8,Business,4,3,4,0
1017,Dinner,4,Casual,4,4,1,0
1018,Breakfast,5,Business,3,4,3,0
1019,Breakfast,8,Casual,5,1,5,0
1020,Dinner,2,Casual,1,1,3,0
1021,Lunch,4,Business,3,3,4,0
1022,Lunch,2,Business,2,1,5,0
1023,Lunch,2,Casual,3,2,5,0
1024,Breakfast,9,Celebration,2,2,2,0
1025,Breakfast,6,Casual,1,1,3,0
1026,Lunch,7,Business,2,1,5,0
1027,Breakfast,9,Casual,3,4,3,0
1028,Breakfast,8,Casual,1,5,1,0
1029,Breakfast,4,Celebration,4,5,5,1
1030,Dinner,9,Business,4,2,2,0
1031,Breakfast,1,Business,1,1,2,0
1032,Breakfast,9,Business,5,5,3,0
1033,Lunch,5,Celebration,3,3,1,0
1034,Dinner,3,Business,1,5,3,0
1035,Breakfast,6,Business,1,5,4,0
1036,Lunch,3,Business,3,1,2,0
1037,Dinner,9,Casual,5,1,2,0
1038,Breakfast,6,Business,2,1,2,0
1039,Dinner,4,Business,2,2,2,0
1040,Dinner,5,Casual,4,3,5,0
1041,Dinner,3,Celebration,3,4,1,0
1042,Dinner,4,Celebration,4,2,1,1
1043,Lunch,4,Celebration,4,4,5,1
1044,Dinner,7,Business,1,2,1,0
1045,Lunch,2,Celebration,3,3,1,0
1046,Breakfast,8,Celebration,5,4,5,1
1047,Lunch,3,Celebration,1,5,4,1
1048,Dinner,3,Business,2,2,3,0
1049,Breakfast,7,Business,1,3,3,0
1050,Dinner,8,Casual,1,2,4,0
1051,Breakfast,2,Business,1,5,4,0
1052,Dinner,4,Business,5,1,5,0
1053,Breakfast,4,Business,3,1,4,0
1054,Breakfast,6,Celebration,1,3,4,0
1055,Breakfast,5,Business,5,1,4,0
1056,Dinner,7,Business,1,1,1,0
1057,Dinner,5,Celebration,3,4,2,1
1058,Lunch,9,Casual,5,5,5,0
1059,Breakfast,9,Casual,2,1,5,0
1060,Dinner,6,Casual,1,5,1,0
1061,Lunch,2,Celebration,2,3,3,0
1062,Breakfast,4,Business,1,3,1,0
1063,Dinner,8,Celebration,1,3,2,0
1064,Lunch,7,Celebration,2,1,3,0
1065,Dinner,4,Casual,5,1,2,0
1066,Breakfast,9,Casual,3,4,2,0
1067,Dinner,6,Business,3,5,1,0
1068,Lunch,8,Casual,4,5,1,0
1069,Dinner,2,Celebration,5,3,3,0
1070,Lunch,4,Business,5,2,5,0
1071,Dinner,3,Casual,3,4,4,0
1072,Breakfast,9,Casual,1,3,1,0
1073,Breakfast,2,Celebration,5,1,1,0
1074,Breakfast,1,Casual,2,1,2,0
1075,Lunch,4,Business,5,5,4,0
1076,Lunch,7,Celebration,2,4,3,0
1077,Lunch,4,Casual,1,1,2,0
1078,Breakfast,6,Celebration,4,1,4,1
1079,Breakfast,8,Business,2,3,3,0
1080,Lunch,2,Celebration,4,4,4,1
1081,Breakfast,7,Business,3,1,4,0
1082,Lunch,7,Casual,3,5,2,0
1083,Breakfast,4,Celebration,4,2,4,0
1084,Breakfast,6,Celebration,4,4,2,1
1085,Breakfast,4,Business,2,5,1,0
1086,Dinner,8,Business,1,1,5,0
1087,Dinner,5,Casual,5,5,1,1
1088,Breakfast,1,Celebration,3,1,2,0
1089,Lunch,4,Business,4,4,1,0
1090,Lunch,5,Business,1,3,1,0
1091,Dinner,5,Casual,5,5,4,0
1092,Dinner,8,Casual,5,2,5,0
1093,Dinner,4,Casual,3,1,2,0
1094,Breakfast,8,Casual,5,1,1,0
1095,Lunch,4,Casual,1,2,4,0
1096,Breakfast,2,Celebration,1,1,1,0
1097,Breakfast,3,Business,5,1,2,0
1098,Lunch,4,Celebration,3,3,5,0
1099,Lunch,9,Celebration,3,1,1,0
1100,Breakfast,4,Casual,4,5,3,1
1101,Breakfast,2,Business,1,3,3,0
1102,Breakfast,9,Business,2,1,1,0
1103,Lunch,2,Casual,4,3,5,0
1104,Lunch,3,Business,1,1,2,0
1105,Breakfast,5,Casual,3,2,3,0
1106,Dinner,9,Celebration,5,4,2,0
1107,Lunch,1,Celebration,5,2,2,0
1108,Breakfast,7,Business,1,5,1,0
1109,Dinner,8,Casual,3,2,3,0
1110,Dinner,4,Business,5,1,4,0
1111,Lunch,9,Celebration,4,4,5,1
1112,Breakfast,7,Business,3,1,1,0
1113,Dinner,8,Business,4,5,4,0
1114,Lunch,7,Business,4,3,1,0
1115,Breakfast,4,Casual,2,3,4,0
1116,Lunch,1,Casual,5,1,5,1
1117,Dinner,2,Celebration,1,2,5,0
1118,Breakfast,8,Business,4,4,2,0
1119,Lunch,9,Business,5,5,5,0
1120,Breakfast,8,Celebration,3,1,2,0
1121,Breakfast,7,Casual,3,4,5,0
1122,Breakfast,5,Casual,2,4,5,0
1123,Dinner,1,Casual,5,1,2,0
1124,Dinner,1,Casual,4,2,5,0
1125,Dinner,7,Celebration,5,4,4,0
1126,Breakfast,5,Business,4,1,2,0
1127,Lunch,6,Celebration,3,4,1,0
1128,Dinner,2,Celebration,2,4,5,1
1129,Breakfast,5,Celebration,2,3,4,0
1130,Lunch,2,Casual,1,3,5,0
1131,Lunch,3,Casual,2,5,2,0
1132,Breakfast,8,Casual,2,1,1,0
1133,Breakfast,4,Business,1,1,1,0
1134,Dinner,5,Celebration,2,4,1,0
1135,Lunch,5,Business,4,1,1,0
1136,Dinner,6,Casual,1,5,5,0
1137,Dinner,1,Casual,3,1,2,0
1138,Breakfast,5,Casual,2,5,5,0
1139,Dinner,9,Casual,4,2,4,0
1140,Dinner,1,Celebration,1,1,1,0
1141,Dinner,2,Celebration,2,1,1,0
1142,Lunch,2,Casual,2,3,3,0
1143,Dinner,2,Casual,4,4,5,0
1144,Breakfast,4,Casual,3,5,4,0
1145,Breakfast,1,Celebration,2,3,5,0
1146,Dinner,9,Business,5,3,2,0
1147,Dinner,7,Casual,2,4,5,0
1148,Breakfast,4,Celebration,4,4,2,1
1149,Lunch,6,Business,1,1,2,0
1150,Breakfast,6,Business,2,4,5,0
1151,Dinner,8,Celebration,2,4,5,0
1152,Lunch,8,Business,4,4,1,0
1153,Lunch,5,Business,5,1,2,0
1154,Lunch,3,Business,3,2,1,0
1155,Lunch,8,Casual,4,1,4,0
1156,Dinner,6,Business,2,2,1,0
1157,Lunch,5,Business,4,4,5,0
1158,Breakfast,8,Casual,1,3,2,0
1159,Lunch,4,Business,4,1,2,0
1160,Breakfast,5,Business,1,4,4,0
1161,Dinner,5,Celebration,1,1,1,0
1162,Dinner,7,Casual,4,3,3,0
1163,Dinner,9,Casual,5,1,5,0
1164,Lunch,2,Business,4,2,3,0
1165,Breakfast,3,Casual,4,4,1,0
1166,Dinner,3,Business,4,2,3,0
1167,Dinner,6,Celebration,5,2,3,0
1168,Breakfast,7,Business,3,4,5,0
1169,Dinner,2,Business,4,4,5,0
1170,Lunch,2,Casual,2,1,1,0
1171,Lunch,1,Casual,3,1,3,0
1172,Breakfast,7,Business,1,2,1,0
1173,Lunch,5,Celebration,5,4,2,0
1174,Breakfast,4,Business,4,4,2,0
1175,Breakfast,6,Business,4,4,3,0
1176,Lunch,4,Celebration,3,5,4,0
1177,Breakfast,1,Business,3,1,3,0
1178,Dinner,7,Celebration,1,5,5,0
1179,Breakfast,5,Business,1,4,4,0
1180,Breakfast,1,Celebration,4,1,2,0
1181,Dinner,7,Celebration,1,1,1,0
1182,Breakfast,7,Celebration,2,1,5,0
1183,Dinner,3,Casual,1,4,3,0
1184,Breakfast,7,Business,3,3,2,0
1185,Breakfast,1,Business,4,1,3,0
1186,Lunch,3,Casual,1,4,2,0
1187,Dinner,2,Celebration,2,2,2,0
1188,Lunch,2,Celebration,5,2,1,0
1189,Breakfast,3,Business,4,3,5,0
1190,Lunch,2,Business,1,4,1,0
1191,Breakfast,2,Business,1,4,5,0
1192,Dinner,3,Celebration,2,3,2,0
1193,Breakfast,7,Business,2,4,2,0
1194,Dinner,5,Business,3,5,1,0
1195,Dinner,9,Business,3,1,4,0
1196,Dinner,4,Casual,3,3,3,0
1197,Dinner,1,Celebration,3,3,2,0
1198,Breakfast,4,Business,3,1,4,0
1199,Breakfast,2,Casual,1,5,2,0
1200,Dinner,1,Casual,2,4,4,0
1201,Dinner,4,Business,2,3,1,0
1202,Breakfast,9,Business,5,2,2,0
1203,Breakfast,1,Casual,1,5,2,0
1204,Lunch,1,Celebration,3,5,2,0
1205,Lunch,3,Celebration,1,3,3,0
1206,Breakfast,9,Business,4,4,2,0
1207,Lunch,3,Business,3,2,1,0
1208,Dinner,1,Casual,5,2,5,0
1209,Dinner,9,Casual,5,5,1,0
1210,Dinner,8,Casual,4,5,3,0
1211,Dinner,5,Business,1,1,2,0
1212,Breakfast,6,Celebration,1,2,5,0
1213,Breakfast,5,Celebration,4,4,1,0
1214,Lunch,1,Celebration,4,3,1,0
1215,Lunch,7,Celebration,2,5,4,1
1216,Dinner,2,Celebration,2,5,3,0
1217,Lunch,9,Celebration,3,5,5,1
1218,Lunch,8,Business,4,2,5,1
1219,Dinner,1,Casual,5,3,4,1
1220,Lunch,1,Celebration,4,3,5,1
1221,Lunch,6,Business,5,5,1,0
1222,Lunch,5,Business,5,4,2,0
1223,Lunch,3,Casual,2,3,1,0
1224,Dinner,8,Casual,2,1,1,0
1225,Dinner,2,Business,5,1,2,0
1226,Dinner,7,Casual,3,5,4,0
1227,Lunch,5,Casual,3,3,4,0
1228,Dinner,2,Casual,5,2,3,0
1229,Breakfast,5,Casual,5,3,5,0
1230,Lunch,8,Celebration,5,3,4,0
1231,Breakfast,5,Celebration,3,1,5,0
1232,Breakfast,2,Celebration,4,2,1,1
1233,Dinner,6,Casual,3,4,3,0
1234,Lunch,7,Business,1,3,4,0
1235,Breakfast,5,Celebration,4,1,4,1
1236,Lunch,4,Business,1,2,4,0
1237,Lunch,5,Celebration,3,3,2,0
1238,Breakfast,5,Business,5,3,3,0
1239,Dinner,7,Celebration,1,5,4,1
1240,Dinner,8,Celebration,4,5,2,1
1241,Breakfast,6,Celebration,3,2,4,0
1242,Dinner,7,Casual,4,1,5,0
1243,Dinner,7,Celebration,2,1,4,0
1244,Lunch,2,Celebration,1,3,1,0
1245,Breakfast,3,Business,2,4,3,0
1246,Breakfast,6,Celebration,5,5,1,0
1247,Dinner,2,Celebration,3,2,4,0
1248,Dinner,3,Casual,2,4,5,1
1249,Dinner,7,Casual,3,4,1,0
1250,Dinner,8,Celebration,3,5,1,0
1251,Lunch,3,Celebration,1,1,5,0
1252,Breakfast,8,Casual,2,2,2,0
1253,Breakfast,4,Celebration,2,5,4,1
1254,Breakfast,2,Casual,5,5,1,1
1255,Breakfast,6,Business,2,5,1,0
1256,Lunch,9,Celebration,2,5,3,0
1257,Breakfast,9,Business,5,4,2,0
1258,Breakfast,9,Casual,5,3,1,1
1259,Breakfast,8,Business,4,1,3,0
1260,Lunch,7,Casual,3,1,1,0
1261,Breakfast,8,Celebration,3,3,3,0
1262,Breakfast,6,Casual,3,3,4,0
1263,Dinner,9,Celebration,5,5,5,0
1264,Lunch,4,Celebration,5,5,1,1
1265,Breakfast,6,Business,5,3,3,0
1266,Dinner,7,Casual,3,3,3,0
1267,Breakfast,8,Celebration,4,1,1,0
1268,Dinner,8,Business,2,3,2,0
1269,Breakfast,3,Celebration,4,3,3,0
1270,Dinner,6,Celebration,4,4,2,0
1271,Dinner,7,Business,4,3,5,0
1272,Breakfast,8,Business,1,1,3,0
1273,Lunch,9,Business,4,4,4,1
1274,Lunch,1,Celebration,2,3,1,0
1275,Dinner,6,Business,5,4,3,0
1276,Dinner,7,Casual,1,5,5,0
1277,Breakfast,1,Casual,3,5,1,0
1278,Breakfast,1,Business,4,3,3,0
1279,Lunch,2,Casual,5,1,5,1
1280,Lunch,7,Business,1,4,2,0
1281,Lunch,7,Celebration,1,5,5,0
1282,Breakfast,3,Casual,2,1,5,0
1283,Breakfast,8,Business,4,3,2,0
1284,Dinner,3,Celebration,2,5,1,0
1285,Dinner,6,Celebration,5,5,5,1
1286,Breakfast,6,Celebration,3,2,3,0
1287,Dinner,6,Casual,1,3,4,0
1288,Breakfast,9,Business,1,3,2,0
1289,Lunch,8,Casual,2,5,1,0
1290,Dinner,1,Casual,3,2,5,0
1291,Lunch,4,Business,5,2,1,0
1292,Breakfast,3,Celebration,5,5,3,0
1293,Breakfast,8,Casual,4,2,4,0
1294,Dinner,7,Celebration,5,1,4,0
1295,Lunch,7,Celebration,5,3,2,0
1296,Lunch,7,Business,2,2,4,0
1297,Breakfast,7,Casual,2,2,5,0
1298,Dinner,3,Casual,5,5,5,1
1299,Dinner,4,Casual,4,4,4,1
1300,Breakfast,7,Business,5,3,4,0
1301,Breakfast,2,Celebration,1,4,4,1
1302,Breakfast,8,Business,4,5,2,0
1303,Lunch,8,Casual,2,2,2,0
1304,Lunch,8,Celebration,5,3,5,0
1305,Breakfast,6,Casual,1,1,1,0
1306,Breakfast,3,Casual,4,3,1,0
1307,Breakfast,2,Casual,1,3,5,0
1308,Breakfast,8,Business,5,4,1,0
1309,Breakfast,2,Celebration,2,1,1,0
1310,Breakfast,1,Business,5,2,4,0
1311,Dinner,4,Casual,1,3,5,0
1312,Lunch,9,Casual,2,1,1,0
1313,Lunch,6,Celebration,1,5,5,0
1314,Dinner,2,Business,2,1,2,0
1315,Dinner,3,Casual,5,5,4,1
1316,Dinner,9,Business,2,2,4,0
1317,Breakfast,5,Celebration,3,2,3,0
1318,Breakfast,6,Business,2,5,3,0
1319,Lunch,1,Celebration,4,4,4,1
1320,Dinner,9,Business,4,4,3,0
1321,Lunch,3,Business,4,1,4,0
1322,Dinner,2,Business,3,5,3,1
1323,Breakfast,1,Business,2,3,5,0
1324,Breakfast,6,Business,1,2,1,0
1325,Lunch,9,Casual,2,3,2,0
1326,Dinner,6,Celebration,4,2,1,0
1327,Dinner,5,Business,5,2,1,0
1328,Breakfast,9,Business,4,4,2,0
1329,Lunch,7,Celebration,3,1,4,0
1330,Dinner,3,Celebration,1,4,1,0
1331,Dinner,8,Celebration,1,1,5,0
1332,Lunch,3,Celebration,5,3,1,0
1333,Lunch,7,Business,4,1,5,0
1334,Dinner,3,Casual,1,4,1,1
1335,Breakfast,7,Casual,2,1,2,0
1336,Breakfast,4,Celebration,2,3,4,0
1337,Lunch,6,Casual,4,5,1,0
1338,Dinner,4,Casual,1,4,3,0
1339,Dinner,2,Business,2,5,5,0
1340,Breakfast,2,Casual,2,4,2,0
1341,Dinner,8,Celebration,5,3,4,0
1342,Breakfast,6,Business,1,3,2,0
1343,Dinner,3,Celebration,4,4,2,0
1344,Dinner,3,Business,5,2,5,1
1345,Dinner,2,Casual,5,3,3,0
1346,Lunch,5,Casual,4,1,4,0
1347,Breakfast,1,Celebration,2,1,4,0
1348,Lunch,4,Business,4,5,1,0
1349,Breakfast,6,Business,4,5,2,0
1350,Breakfast,1,Celebration,4,2,2,0
1351,Breakfast,4,Celebration,4,5,5,1
1352,Lunch,2,Business,4,4,3,0
1353,Dinner,9,Casual,4,3,5,0
1354,Lunch,3,Business,5,3,3,0
1355,Lunch,8,Business,3,1,5,0
1356,Dinner,2,Business,5,1,3,0
1357,Dinner,6,Celebration,1,1,3,0
1358,Dinner,9,Business,3,1,3,0
1359,Lunch,4,Business,5,3,2,0
1360,Lunch,4,Business,4,2,4,0
1361,Dinner,9,Business,3,4,3,0
1362,Breakfast,6,Celebration,1,3,4,0
1363,Breakfast,7,Business,5,3,2,0
1364,Breakfast,2,Business,3,3,2,0
1365,Breakfast,6,Casual,1,4,1,0
1366,Breakfast,2,Business,5,3,5,0
1367,Dinner,9,Business,2,4,2,0
1368,Lunch,5,Celebration,4,2,3,0
1369,Breakfast,1,Casual,1,5,3,0
1370,Dinner,8,Business,4,3,3,0
1371,Lunch,4,Casual,1,2,2,0
1372,Lunch,3,Business,3,2,1,0
1373,Lunch,5,Business,1,1,3,0
1374,Breakfast,9,Celebration,5,5,5,0
1375,Dinner,3,Casual,5,1,5,0
1376,Dinner,2,Casual,1,2,5,0
1377,Lunch,5,Business,3,3,2,0
1378,Lunch,8,Casual,3,2,5,0
1379,Lunch,6,Business,1,5,4,0
1380,Lunch,1,Casual,5,2,5,0
1381,Dinner,9,Business,4,4,5,0
1382,Breakfast,4,Business,3,5,5,0
1383,Breakfast,1,Celebration,2,2,2,0
1384,Dinner,6,Casual,5,3,2,0
1385,Lunch,7,Casual,3,3,1,0
1386,Lunch,3,Casual,3,4,5,0
1387,Breakfast,9,Celebration,3,1,2,0
1388,Breakfast,9,Casual,4,4,4,0
1389,Dinner,2,Celebration,5,5,5,0
1390,Dinner,6,Casual,1,1,5,0
1391,Lunch,8,Celebration,5,5,4,1
1392,Breakfast,5,Celebration,5,5,2,0
1393,Dinner,4,Celebration,5,5,1,1
1394,Dinner,6,Celebration,2,2,3,0
1395,Lunch,3,Business,1,2,1,0
1396,Dinner,3,Casual,3,5,2,0
1397,Breakfast,3,Celebration,1,2,2,0
1398,Dinner,7,Business,4,3,4,0
1399,Dinner,5,Casual,1,1,1,0
1400,Lunch,4,Celebration,3,5,3,0
1401,Dinner,5,Business,1,1,2,0
1402,Breakfast,9,Business,4,2,5,0
1403,Breakfast,3,Casual,3,5,5,0
1404,Dinner,1,Casual,5,4,1,0
1405,Lunch,8,Business,4,4,5,0
1406,Lunch,4,Business,1,3,3,0
1407,Lunch,2,Business,4,3,2,0
1408,Dinner,5,Casual,2,1,3,0
1409,Breakfast,1,Business,1,5,5,0
1410,Lunch,8,Celebration,2,1,3,0
1411,Breakfast,3,Casual,5,3,5,0
1412,Breakfast,2,Casual,4,1,4,0
1413,Breakfast,7,Casual,5,1,3,0
1414,Breakfast,7,Celebration,5,4,5,1
1415,Breakfast,8,Business,2,3,4,0
1416,Lunch,2,Casual,3,3,4,0
1417,Lunch,5,Casual,2,5,2,0
1418,Dinner,7,Celebration,1,5,5,0
1419,Dinner,3,Celebration,3,2,5,0
1420,Breakfast,8,Celebration,5,1,1,0
1421,Breakfast,9,Celebration,5,5,2,0
1422,Breakfast,5,Casual,3,2,3,0
1423,Lunch,5,Casual,1,2,1,0
1424,Lunch,8,Business,1,5,4,0
1425,Breakfast,4,Casual,5,5,4,1
1426,Lunch,3,Business,3,3,5,0
1427,Dinner,7,Casual,2,1,2,0
1428,Lunch,1,Casual,3,3,5,0
1429,Dinner,1,Celebration,5,2,3,0
1430,Dinner,3,Casual,4,1,4,0
1431,Lunch,7,Casual,1,3,2,0
1432,Dinner,8,Celebration,5,3,3,0
1433,Breakfast,7,Casual,4,4,2,0
1434,Breakfast,7,Casual,4,5,3,0
1435,Lunch,8,Celebration,2,1,5,0
1436,Lunch,7,Casual,2,2,4,0
1437,Breakfast,3,Celebration,3,4,3,0
1438,Lunch,6,Celebration,2,4,1,0
1439,Breakfast,4,Celebration,4,1,2,0
1440,Breakfast,4,Casual,5,4,4,0
1441,Breakfast,3,Casual,2,1,3,0
1442,Dinner,5,Casual,2,4,1,0
1443,Dinner,7,Casual,2,5,5,0
1444,Breakfast,7,Business,1,3,4,0
1445,Breakfast,3,Casual,5,4,3,0
1446,Dinner,9,Business,3,4,2,0
1447,Lunch,8,Business,3,2,1,0
1448,Breakfast,4,Casual,4,3,2,0
1449,Dinner,9,Celebration,3,4,2,0
1450,Lunch,8,Casual,5,2,4,0
1451,Lunch,4,Celebration,5,2,4,0
1452,Lunch,6,Celebration,3,5,2,0
1453,Dinner,9,Business,1,1,2,0
1454,Lunch,1,Celebration,4,5,4,0
1455,Lunch,9,Celebration,4,3,2,0
1456,Dinner,4,Business,3,2,5,1
1457,Dinner,8,Celebration,1,5,3,1
1458,Dinner,9,Celebration,5,1,5,0
1459,Breakfast,2,Business,2,2,3,0
1460,Breakfast,3,Business,2,2,3,0
1461,Dinner,9,Business,4,5,3,0
1462,Dinner,4,Celebration,1,2,5,0
1463,Breakfast,3,Casual,2,5,3,0
1464,Lunch,1,Casual,1,2,2,0
1465,Dinner,5,Casual,2,3,5,0
1466,Breakfast,6,Casual,4,4,5,0
1467,Dinner,5,Business,5,2,4,0
1468,Breakfast,2,Celebration,5,5,4,1
1469,Dinner,2,Casual,3,1,5,0
1470,Breakfast,6,Casual,3,1,2,0
1471,Breakfast,8,Celebration,5,3,3,1
1472,Dinner,8,Celebration,4,3,2,0
1473,Lunch,4,Business,3,4,4,0
1474,Breakfast,3,Business,5,3,1,0
1475,Lunch,4,Casual,2,1,2,0
1476,Breakfast,4,Celebration,2,4,4,1
1477,Breakfast,5,Casual,4,2,3,0
1478,Dinner,5,Celebration,1,1,1,0
1479,Lunch,1,Business,3,3,5,0
1480,Breakfast,9,Casual,3,5,5,0
1481,Dinner,9,Celebration,4,4,2,0
1482,Dinner,5,Celebration,2,4,2,0
1483,Breakfast,1,Celebration,2,3,4,0
1484,Breakfast,2,Celebration,2,5,3,0
1485,Breakfast,7,Casual,1,5,5,1
1486,Lunch,4,Business,1,3,1,0
1487,Dinner,4,Celebration,1,4,5,0
1488,Breakfast,3,Business,3,4,5,1
1489,Dinner,5,Business,4,4,1,0
1490,Lunch,3,Casual,2,2,5,0
1491,Breakfast,4,Casual,5,1,3,1
1492,Breakfast,8,Celebration,4,5,5,1
1493,Breakfast,9,Celebration,4,4,3,1
1494,Lunch,9,Casual,1,4,1,0
1495,Breakfast,6,Business,4,5,1,0
1496,Lunch,5,Celebration,5,1,5,0
1497,Dinner,5,Casual,4,5,3,0
1498,Breakfast,6,Casual,2,3,4,0
1499,Dinner,2,Celebration,2,4,4,1
1500,Lunch,9,Casual,1,3,3,0
1501,Breakfast,9,Celebration,5,3,4,0
1502,Lunch,6,Casual,3,4,3,0
1503,Dinner,4,Casual,5,3,5,0
1504,Dinner,4,Business,2,5,4,0
1505,Lunch,7,Casual,3,3,5,0
1506,Breakfast,4,Celebration,5,4,5,0
1507,Dinner,3,Casual,1,5,2,0
1508,Lunch,9,Celebration,2,2,5,0
1509,Dinner,5,Casual,5,2,1,0
1510,Lunch,9,Celebration,3,3,2,0
1511,Lunch,8,Celebration,2,2,1,0
1512,Dinner,2,Casual,3,4,5,0
1513,Dinner,6,Casual,2,5,1,0
1514,Breakfast,9,Casual,5,5,4,1
1515,Lunch,8,Celebration,3,4,3,0
1516,Breakfast,8,Celebration,5,5,1,0
1517,Dinner,7,Business,4,4,4,0
1518,Breakfast,7,Celebration,3,2,5,0
1519,Dinner,1,Celebration,3,1,1,0
1520,Lunch,5,Business,1,3,2,0
1521,Dinner,4,Business,5,4,3,0
1522,Dinner,1,Business,2,1,5,0
1523,Dinner,8,Casual,3,2,1,0
1524,Lunch,9,Business,3,4,2,0
1525,Lunch,7,Casual,2,4,3,0
1526,Dinner,4,Business,3,5,2,0
1527,Breakfast,3,Business,5,3,1,0
1528,Breakfast,2,Casual,5,2,5,0
1529,Lunch,5,Celebration,3,1,4,0
1530,Lunch,2,Business,2,1,4,0
1531,Dinner,8,Celebration,1,2,5,0
1532,Dinner,5,Casual,3,4,3,0
1533,Breakfast,1,Celebration,4,1,1,0
1534,Dinner,3,Celebration,2,5,2,0
1535,Breakfast,9,Business,5,5,1,1
1536,Lunch,8,Casual,4,2,5,0
1537,Breakfast,8,Business,5,1,1,0
1538,Dinner,9,Business,2,4,1,0
1539,Breakfast,7,Casual,2,1,4,0
1540,Lunch,1,Celebration,2,1,1,0
1541,Breakfast,3,Celebration,4,5,1,1
1542,Dinner,7,Casual,2,4,4,0
1543,Lunch,1,Casual,1,3,3,0
1544,Breakfast,6,Business,5,3,1,0
1545,Breakfast,3,Business,4,1,1,0
1546,Breakfast,6,Casual,4,4,5,0
1547,Dinner,5,Celebration,5,3,3,0
1548,Dinner,6,Casual,3,5,4,0
1549,Breakfast,4,Casual,1,4,3,1
1550,Breakfast,9,Business,5,5,4,0
1551,Breakfast,6,Celebration,5,5,4,0
1552,Dinner,5,Business,5,2,3,0
1553,Dinner,3,Celebration,2,2,2,1
1554,Dinner,4,Business,3,5,1,0
1555,Lunch,7,Business,1,4,3,0
1556,Breakfast,6,Business,3,5,5,0
1557,Breakfast,7,Celebration,3,2,4,0
1558,Breakfast,7,Celebration,1,3,4,0
1559,Breakfast,2,Celebration,3,2,2,0
1560,Dinner,8,Celebration,4,2,2,0
1561,Lunch,9,Casual,4,3,1,0
1562,Dinner,8,Celebration,2,3,3,0
1563,Breakfast,1,Casual,4,4,2,0
1564,Dinner,2,Celebration,5,1,5,1
1565,Breakfast,3,Celebration,5,5,2,0
1566,Dinner,3,Casual,4,4,2,0
1567,Dinner,5,Celebration,5,1,4,0
1568,Lunch,2,Casual,4,2,3,0
1569,Breakfast,8,Celebration,2,1,5,0
1570,Lunch,9,Celebration,5,4,1,0
1571,Lunch,2,Celebration,2,2,1,0
1572,Breakfast,5,Casual,3,4,2,0
1573,Dinner,2,Casual,1,3,4,0
1574,Lunch,5,Casual,5,2,4,0
1575,Lunch,6,Casual,3,5,1,0
1576,Breakfast,8,Business,4,3,4,0
1577,Breakfast,6,Celebration,1,1,5,0
1578,Breakfast,5,Casual,1,1,5,0
1579,Dinner,1,Casual,1,1,2,0
1580,Lunch,7,Celebration,2,5,2,0
1581,Breakfast,3,Celebration,5,3,5,0
1582,Breakfast,8,Celebration,4,4,5,0
1583,Dinner,3,Casual,3,2,1,0
1584,Lunch,3,Celebration,3,3,5,0
1585,Breakfast,9,Casual,3,4,1,0
1586,Lunch,2,Celebration,1,2,5,0
1587,Lunch,9,Celebration,2,3,2,0
1588,Breakfast,6,Celebration,2,1,5,0
1589,Breakfast,5,Celebration,3,4,4,0
1590,Breakfast,1,Casual,3,5,4,1
1591,Breakfast,4,Business,5,3,1,0
1592,Lunch,7,Business,2,4,2,0
1593,Dinner,6,Business,2,5,2,0
1594,Lunch,4,Business,1,2,5,0
1595,Lunch,5,Business,5,5,3,0
1596,Lunch,9,Casual,3,5,1,0
1597,Dinner,2,Casual,4,3,1,0
1598,Lunch,6,Business,1,1,5,0
1599,Lunch,5,Casual,5,4,4,1
1600,Lunch,5,Celebration,4,2,1,0
1601,Lunch,8,Business,1,5,5,0
1602,Lunch,1,Celebration,1,1,3,0
1603,Dinner,8,Casual,2,2,1,0
1604,Lunch,7,Casual,4,4,2,0
1605,Breakfast,6,Celebration,1,2,4,0
1606,Lunch,4,Business,4,2,5,0
1607,Dinner,2,Celebration,1,1,2,0
1608,Breakfast,1,Business,2,2,4,0
1609,Lunch,6,Casual,2,2,2,0
1610,Lunch,8,Business,5,5,5,1
1611,Breakfast,3,Business,2,5,2,0
1612,Dinner,4,Celebration,4,5,3,0
1613,Breakfast,6,Casual,5,3,3,0
1614,Lunch,9,Business,3,5,1,0
1615,Dinner,5,Casual,1,4,2,0
1616,Dinner,1,Casual,1,2,3,0
1617,Breakfast,4,Business,1,3,5,0
1618,Lunch,7,Casual,3,1,1,0
1619,Breakfast,1,Celebration,4,3,2,0
1620,Breakfast,3,Casual,4,2,2,1
1621,Lunch,9,Celebration,5,2,4,0
1622,Lunch,2,Celebration,2,3,1,1
1623,Breakfast,8,Casual,5,3,5,0
1624,Lunch,1,Celebration,2,5,4,1
1625,Dinner,3,Celebration,1,1,1,0
1626,Lunch,4,Casual,1,3,2,0
1627,Breakfast,1,Celebration,5,3,3,0
1628,Breakfast,2,Business,3,5,4,0
1629,Breakfast,6,Celebration,1,4,3,0
1630,Dinner,7,Celebration,3,5,2,0
1631,Breakfast,5,Casual,4,4,2,0
1632,Breakfast,1,Celebration,3,1,2,0
1633,Breakfast,7,Casual,2,4,4,0
1634,Breakfast,9,Celebration,5,4,1,0
1635,Lunch,7,Celebration,5,4,3,0
1636,Breakfast,3,Celebration,1,2,1,0
1637,Breakfast,2,Business,3,3,3,0
1638,Dinner,5,Casual,3,1,1,0
1639,Dinner,6,Casual,3,1,1,0
1640,Breakfast,2,Casual,5,2,4,0
1641,Lunch,2,Casual,5,2,5,0
1642,Lunch,7,Celebration,4,1,2,0
1643,Lunch,3,Casual,1,5,2,0
1644,Dinner,9,Business,1,4,5,0
1645,Breakfast,1,Business,3,2,1,0
1646,Breakfast,7,Casual,1,5,5,0
1647,Breakfast,3,Celebration,4,5,2,1
1648,Lunch,4,Celebration,2,5,5,0
1649,Dinner,9,Celebration,5,4,3,1
1650,Breakfast,2,Celebration,2,1,1,0
1651,Dinner,7,Business,2,2,3,0
1652,Dinner,1,Celebration,3,5,4,1
1653,Dinner,1,Business,1,5,5,0
1654,Lunch,5,Celebration,3,3,2,0
1655,Lunch,8,Celebration,1,3,2,0
1656,Lunch,3,Business,5,2,4,0
1657,Lunch,8,Celebration,1,3,2,0
1658,Lunch,9,Celebration,3,2,5,0
1659,Dinner,2,Casual,2,5,2,0
1660,Lunch,4,Business,4,3,1,0
1661,Dinner,3,Business,4,2,2,0
1662,Dinner,7,Casual,2,1,1,0
1663,Dinner,8,Business,4,2,3,0
1664,Breakfast,7,Celebration,2,2,1,0
1665,Breakfast,6,Casual,2,3,1,0
1666,Breakfast,8,Celebration,4,3,1,0
1667,Breakfast,6,Celebration,5,3,4,0
1668,Lunch,1,Business,3,3,1,0
1669,Dinner,7,Casual,4,1,3,0
1670,Breakfast,1,Casual,4,1,1,0
1671,Breakfast,2,Business,2,4,1,0
1672,Lunch,1,Casual,2,2,5,0
1673,Lunch,9,Celebration,2,1,4,0
1674,Lunch,9,Celebration,3,3,5,0
1675,Lunch,7,Business,2,4,5,0
1676,Dinner,6,Casual,2,4,3,0
1677,Dinner,8,Business,2,4,1,0
1678,Breakfast,3,Business,5,2,1,0
1679,Dinner,1,Celebration,4,3,2,0
1680,Dinner,8,Casual,2,5,1,0
1681,Lunch,1,Casual,5,1,1,0
1682,Lunch,8,Celebration,2,4,3,0
1683,Lunch,4,Business,5,2,4,0
1684,Breakfast,5,Celebration,1,1,4,0
1685,Breakfast,3,Business,3,5,2,0
1686,Breakfast,8,Business,2,2,2,0
1687,Lunch,8,Celebration,5,5,1,1
1688,Dinner,7,Business,5,3,4,0
1689,Lunch,9,Celebration,5,1,3,0
1690,Lunch,8,Casual,1,5,3,0
1691,Lunch,1,Business,3,1,1,0
1692,Lunch,8,Celebration,4,5,2,0
1693,Lunch,7,Business,5,3,5,0
1694,Breakfast,4,Business,2,3,5,0
1695,Dinner,8,Celebration,4,5,1,0
1696,Breakfast,2,Celebration,1,2,4,0
1697,Breakfast,9,Celebration,2,4,1,0
1698,Breakfast,5,Business,1,5,2,0
1699,Dinner,2,Celebration,3,3,3,0
1700,Dinner,6,Celebration,5,1,4,0
1701,Breakfast,1,Celebration,3,5,3,1
1702,Lunch,7,Celebration,5,1,5,0
1703,Lunch,9,Celebration,3,3,3,0
1704,Dinner,4,Celebration,1,1,5,0
1705,Dinner,8,Business,2,4,3,0
1706,Breakfast,8,Business,4,1,3,0
1707,Lunch,1,Celebration,5,3,2,0
1708,Lunch,7,Business,3,5,1,0
1709,Breakfast,5,Celebration,4,3,1,0
1710,Lunch,6,Business,3,4,3,0
1711,Breakfast,4,Business,3,4,4,0
1712,Dinner,5,Casual,4,1,5,0
1713,Dinner,2,Business,3,5,5,0
1714,Lunch,7,Celebration,3,1,2,0
1715,Dinner,9,Casual,3,3,5,0
1716,Lunch,9,Casual,3,3,4,0
1717,Breakfast,7,Celebration,5,3,2,0
1718,Breakfast,3,Business,5,2,5,0
1719,Dinner,1,Business,4,3,3,0
1720,Lunch,5,Business,4,3,1,0
1721,Breakfast,4,Casual,2,4,1,0
1722,Breakfast,1,Celebration,3,3,5,0
1723,Dinner,4,Casual,1,1,3,0
1724,Breakfast,4,Casual,4,3,2,0
1725,Lunch,9,Casual,1,1,3,0
1726,Dinner,2,Celebration,3,3,3,0
1727,Dinner,6,Casual,4,2,2,0
1728,Lunch,1,Casual,1,1,4,0
1729,Dinner,2,Business,2,2,1,0
1730,Lunch,2,Celebration,3,4,1,0
1731,Breakfast,5,Celebration,5,4,4,1
1732,Lunch,9,Business,4,1,4,0
1733,Lunch,2,Celebration,3,1,4,0
1734,Breakfast,5,Business,4,3,5,0
1735,Breakfast,9,Business,5,1,3,0
1736,Dinner,4,Celebration,5,4,5,0
1737,Dinner,3,Business,2,4,5,0
1738,Lunch,1,Celebration,5,1,4,0
1739,Breakfast,9,Business,5,1,2,0
1740,Dinner,3,Celebration,1,4,2,1
1741,Breakfast,4,Celebration,1,3,2,0
1742,Lunch,6,Celebration,5,1,3,0
1743,Breakfast,7,Casual,2,3,2,0
1744,Dinner,9,Casual,5,5,2,0
1745,Dinner,2,Celebration,4,5,1,1
1746,Dinner,8,Celebration,1,4,3,0
1747,Lunch,9,Casual,2,4,2,0
1748,Dinner,2,Celebration,5,4,5,0
1749,Dinner,6,Celebration,4,1,1,0
1750,Breakfast,6,Business,1,5,5,1
1751,Breakfast,9,Casual,5,2,2,0
1752,Dinner,7,Business,5,1,2,0
1753,Dinner,6,Celebration,3,3,4,0
1754,Dinner,4,Celebration,4,1,1,0
1755,Dinner,7,Casual,1,5,1,0
1756,Dinner,7,Casual,1,4,4,0
1757,Dinner,5,Celebration,1,1,4,0
1758,Breakfast,8,Business,3,4,1,0
1759,Breakfast,8,Business,4,3,5,1
1760,Lunch,8,Casual,3,2,5,0
1761,Lunch,2,Casual,2,5,3,0
1762,Dinner,3,Business,1,2,5,0
1763,Lunch,1,Business,1,5,5,0
1764,Dinner,7,Casual,1,5,1,0
1765,Lunch,3,Casual,5,5,5,0
1766,Dinner,7,Business,5,4,3,0
1767,Lunch,2,Business,2,3,1,0
1768,Dinner,4,Business,3,5,1,0
1769,Dinner,7,Business,5,5,3,0
1770,Dinner,8,Celebration,3,1,2,0
1771,Dinner,5,Celebration,4,2,2,0
1772,Lunch,6,Casual,2,4,4,0
1773,Lunch,5,Business,2,2,1,0
1774,Breakfast,3,Celebration,2,3,1,0
1775,Lunch,2,Casual,4,5,4,1
1776,Lunch,2,Casual,5,4,3,0
1777,Lunch,3,Casual,3,3,4,0
1778,Dinner,6,Celebration,4,2,3,0
1779,Breakfast,2,Business,2,3,3,0
1780,Lunch,4,Business,4,3,4,0
1781,Breakfast,9,Casual,1,5,3,0
1782,Lunch,8,Celebration,3,2,1,0
1783,Lunch,9,Celebration,5,3,5,0
1784,Breakfast,1,Casual,3,5,4,0
1785,Dinner,3,Business,1,5,5,0
1786,Breakfast,8,Business,4,3,4,0
1787,Breakfast,8,Business,5,1,1,0
1788,Dinner,9,Business,1,4,5,0
1789,Lunch,6,Celebration,5,1,4,0
1790,Lunch,5,Casual,5,5,5,0
1791,Dinner,6,Business,3,3,2,0
1792,Lunch,6,Casual,3,1,2,0
1793,Lunch,8,Casual,3,2,2,0
1794,Dinner,3,Celebration,5,5,2,0
1795,Lunch,1,Casual,4,2,3,0
1796,Lunch,6,Casual,3,1,1,0
1797,Breakfast,8,Business,4,2,3,0
1798,Lunch,6,Casual,5,5,3,0
1799,Breakfast,8,Celebration,5,3,4,0
1800,Breakfast,9,Casual,3,5,5,0
1801,Dinner,5,Casual,5,3,3,0
1802,Lunch,6,Casual,2,1,2,0
1803,Breakfast,7,Celebration,5,1,4,0
1804,Dinner,2,Casual,5,3,2,0
1805,Lunch,1,Business,3,5,5,0
1806,Lunch,3,Celebration,2,2,2,0
1807,Dinner,1,Celebration,4,4,1,1
1808,Dinner,9,Business,5,5,2,0
1809,Dinner,8,Celebration,1,2,1,0
1810,Lunch,2,Business,2,4,1,0
1811,Dinner,3,Casual,3,5,3,0
1812,Dinner,6,Celebration,4,5,1,0
1813,Breakfast,9,Casual,4,2,3,0
1814,Lunch,9,Celebration,4,1,1,0
1815,Lunch,7,Business,1,4,5,0
1816,Lunch,1,Celebration,3,5,1,1
1817,Lunch,8,Celebration,4,1,2,1
1818,Lunch,7,Celebration,4,2,4,0
1819,Breakfast,5,Business,3,1,2,0
1820,Lunch,8,Casual,5,1,4,0
1821,Breakfast,8,Business,5,3,3,0
1822,Lunch,1,Celebration,1,4,3,0
1823,Breakfast,3,Business,5,4,3,1
1824,Dinner,2,Business,3,5,1,0
1825,Lunch,1,Casual,2,1,2,0
1826,Lunch,1,Business,2,2,2,0
1827,Lunch,6,Casual,4,4,4,0
1828,Breakfast,1,Casual,5,3,1,0
1829,Dinner,3,Celebration,5,4,5,1
1830,Breakfast,4,Casual,4,1,2,0
1831,Lunch,3,Casual,5,1,4,0
1832,Lunch,8,Business,2,1,5,0
1833,Lunch,1,Business,4,5,5,1
1834,Dinner,5,Casual,1,4,5,0
1835,Lunch,9,Celebration,5,2,1,0
1836,Dinner,8,Casual,4,5,4,1
1837,Breakfast,3,Casual,4,4,4,1
1838,Dinner,5,Celebration,2,1,3,0
1839,Dinner,5,Casual,5,3,2,0
1840,Lunch,2,Business,3,2,5,0
1841,Lunch,9,Casual,2,5,2,0
1842,Lunch,9,Business,5,5,2,0
1843,Dinner,6,Business,4,1,5,0
1844,Breakfast,6,Business,5,4,5,0
1845,Dinner,6,Casual,5,5,1,0
1846,Lunch,2,Casual,2,3,1,0
1847,Dinner,7,Business,5,3,1,0
1848,Lunch,4,Business,5,1,4,0
1849,Dinner,9,Celebration,4,3,3,0
1850,Lunch,4,Business,4,2,1,0
1851,Lunch,9,Celebration,3,1,2,0
1852,Dinner,4,Casual,3,5,5,0
1853,Dinner,8,Celebration,3,3,2,0
1854,Lunch,3,Celebration,1,1,2,0
1855,Lunch,8,Business,1,5,3,0
1856,Breakfast,1,Celebration,2,4,3,0
1857,Lunch,6,Business,1,5,5,0
1858,Dinner,2,Business,2,1,5,0
1859,Dinner,7,Casual,2,2,3,0
1860,Dinner,2,Celebration,1,1,5,0
1861,Dinner,2,Celebration,5,2,2,1
1862,Breakfast,7,Business,1,2,4,0
1863,Lunch,6,Celebration,2,3,4,0
1864,Dinner,9,Celebration,5,4,4,0
1865,Breakfast,8,Celebration,2,5,4,0
1866,Lunch,1,Business,5,1,4,0
1867,Dinner,6,Business,2,4,4,0
1868,Dinner,4,Business,5,4,2,0
1869,Breakfast,7,Casual,2,1,4,0
1870,Lunch,5,Business,2,3,4,0
1871,Breakfast,3,Casual,4,4,2,0
1872,Lunch,1,Celebration,2,1,5,1
1873,Dinner,3,Casual,4,1,2,0
1874,Dinner,6,Celebration,2,4,5,0
1875,Lunch,7,Celebration,1,1,5,0
1876,Breakfast,8,Business,4,3,1,0
1877,Dinner,9,Casual,5,3,3,0
1878,Dinner,2,Casual,3,3,1,0
1879,Dinner,5,Celebration,1,4,5,0
1880,Lunch,8,Celebration,4,3,5,0
1881,Breakfast,4,Celebration,4,2,2,0
1882,Dinner,6,Celebration,1,5,1,0
1883,Lunch,4,Business,4,3,3,0
1884,Dinner,4,Celebration,4,3,4,0
1885,Dinner,4,Business,3,2,4,0
1886,Dinner,2,Celebration,4,3,4,0
1887,Dinner,1,Casual,4,3,2,0
1888,Dinner,9,Business,1,4,2,0
1889,Dinner,4,Casual,3,4,3,0
1890,Lunch,4,Business,4,3,3,0
1891,Breakfast,9,Casual,1,1,2,0
1892,Lunch,6,Casual,4,4,3,0
1893,Breakfast,4,Celebration,4,2,2,0
1894,Lunch,8,Celebration,1,3,3,0
1895,Breakfast,8,Celebration,4,2,1,0
1896,Breakfast,4,Casual,2,4,1,0
1897,Lunch,3,Celebration,5,5,1,0
1898,Dinner,7,Celebration,5,3,1,0
1899,Breakfast,4,Casual,3,3,5,0
1900,Breakfast,9,Business,1,4,1,0
1901,Lunch,8,Celebration,3,4,2,0
1902,Lunch,6,Celebration,5,3,4,0
1903,Lunch,7,Business,2,3,4,0
1904,Breakfast,4,Celebration,1,5,4,1
1905,Breakfast,5,Celebration,1,1,5,0
1906,Lunch,4,Celebration,5,2,4,0
1907,Dinner,4,Casual,2,3,5,0
1908,Lunch,5,Casual,5,4,5,0
1909,Breakfast,9,Casual,3,3,3,0
1910,Breakfast,3,Celebration,3,1,1,0
1911,Dinner,6,Celebration,1,5,3,0
1912,Breakfast,1,Casual,4,4,3,0
1913,Lunch,3,Celebration,5,5,1,1
1914,Dinner,4,Celebration,1,3,4,1
1915,Dinner,6,Business,1,5,4,0
1916,Dinner,3,Casual,2,5,3,0
1917,Dinner,5,Casual,3,4,3,0
1918,Lunch,2,Celebration,4,4,1,0
1919,Dinner,2,Casual,2,5,3,0
1920,Dinner,8,Casual,5,5,1,0
1921,Lunch,7,Celebration,3,3,4,0
1922,Lunch,7,Celebration,2,4,4,1
1923,Lunch,6,Business,3,1,3,0
1924,Dinner,8,Business,5,1,5,0
1925,Dinner,8,Casual,5,1,1,0
1926,Breakfast,8,Business,3,4,4,0
1927,Dinner,9,Casual,5,5,2,0
1928,Lunch,8,Casual,5,5,3,0
1929,Breakfast,4,Casual,4,3,5,0
1930,Lunch,7,Business,3,1,1,0
1931,Breakfast,1,Casual,1,4,4,0
1932,Lunch,7,Business,5,5,1,0
1933,Breakfast,2,Casual,2,3,1,0
1934,Lunch,5,Celebration,1,2,1,0
1935,Lunch,7,Casual,2,1,1,0
1936,Breakfast,7,Business,1,4,2,0
1937,Breakfast,4,Celebration,2,2,5,0
1938,Breakfast,3,Celebration,1,4,5,1
1939,Dinner,6,Casual,3,3,5,0
1940,Dinner,2,Business,5,4,3,0
1941,Lunch,3,Business,5,1,1,0
1942,Dinner,9,Business,5,3,5,0
1943,Lunch,2,Casual,5,3,4,0
1944,Breakfast,1,Business,5,1,4,0
1945,Lunch,2,Business,3,4,1,1
1946,Breakfast,4,Business,1,1,5,0
1947,Lunch,6,Business,5,4,4,1
1948,Dinner,5,Business,4,5,3,0
1949,Lunch,7,Casual,2,1,4,0
1950,Lunch,4,Celebration,5,5,4,1
1951,Lunch,1,Celebration,5,1,4,1
1952,Dinner,6,Casual,4,2,4,0
1953,Lunch,2,Casual,3,2,3,0
1954,Lunch,9,Celebration,3,5,4,0
1955,Lunch,9,Business,5,3,1,0
1956,Breakfast,2,Celebration,1,1,3,0
1957,Breakfast,1,Business,4,1,2,0
1958,Breakfast,9,Celebration,5,4,2,1
1959,Breakfast,3,Celebration,3,2,5,0
1960,Breakfast,7,Casual,1,3,3,0
1961,Breakfast,2,Business,3,4,2,0
1962,Lunch,9,Celebration,3,2,5,0
1963,Lunch,8,Business,1,1,3,0
1964,Lunch,3,Celebration,1,3,2,0
1965,Lunch,5,Celebration,1,2,2,0
1966,Breakfast,3,Celebration,2,1,3,0
1967,Breakfast,9,Business,1,4,5,0
1968,Dinner,4,Business,1,3,3,0
1969,Breakfast,6,Celebration,1,5,3,0
1970,Dinner,7,Celebration,1,2,3,0
1971,Dinner,9,Celebration,5,4,1,0
1972,Breakfast,6,Celebration,1,5,4,0
1973,Lunch,9,Business,5,1,5,0
1974,Dinner,5,Casual,5,5,5,0
1975,Lunch,6,Business,1,2,4,1
1976,Lunch,7,Celebration,5,1,1,0
1977,Breakfast,2,Business,4,3,2,0
1978,Dinner,6,Celebration,3,2,2,0
1979,Breakfast,1,Casual,4,1,1,0
1980,Dinner,1,Casual,5,1,1,0
1981,Dinner,9,Business,5,2,4,1
1982,Dinner,1,Casual,3,2,2,0
1983,Dinner,5,Business,2,4,1,0
1984,Dinner,5,Casual,1,3,2,0
1985,Lunch,9,Business,5,1,2,0
1986,Breakfast,1,Business,2,5,2,0
1987,Lunch,1,Celebration,2,1,4,0
1988,Dinner,2,Celebration,4,3,2,0
1989,Dinner,4,Casual,5,4,2,1
1990,Breakfast,9,Business,2,3,4,0
1991,Dinner,2,Celebration,4,5,4,1
1992,Lunch,3,Business,3,4,1,0
1993,Lunch,6,Celebration,1,5,5,0
1994,Dinner,5,Business,3,1,3,0
1995,Dinner,2,Casual,3,5,1,0
1996,Lunch,2,Business,1,1,1,0
1997,Dinner,5,Celebration,1,2,1,1
1998,Lunch,3,Casual,2,5,1,0
1999,Dinner,6,Casual,3,1,1,0
2000,Dinner,1,Casual,4,1,4,0
2001,Breakfast,3,Casual,1,1,3,0
2002,Breakfast,8,Celebration,1,3,5,0
2003,Lunch,8,Casual,5,5,4,0
2004,Lunch,7,Celebration,1,2,4,0
2005,Dinner,4,Celebration,2,3,4,0
2006,Lunch,6,Business,5,3,4,0
2007,Breakfast,4,Business,4,2,3,0
2008,Lunch,7,Celebration,4,5,5,0
2009,Dinner,4,Business,5,2,1,0
2010,Breakfast,4,Casual,2,5,2,0
2011,Lunch,3,Celebration,5,3,1,1
2012,Lunch,8,Casual,4,2,4,0
2013,Dinner,8,Celebration,5,5,3,1
2014,Lunch,3,Celebration,2,1,1,0
2015,Breakfast,6,Business,2,5,5,0
2016,Dinner,8,Business,2,4,4,0
2017,Dinner,7,Celebration,1,5,3,0
2018,Lunch,1,Celebration,3,2,3,0
2019,Lunch,3,Celebration,3,3,4,1
2020,Breakfast,5,Casual,4,4,4,1
2021,Lunch,3,Casual,5,1,4,0
2022,Lunch,5,Business,1,2,3,1
2023,Dinner,2,Casual,1,3,3,0
2024,Dinner,5,Business,5,4,4,0
2025,Lunch,4,Business,4,1,5,0
2026,Lunch,5,Business,2,2,4,1
2027,Lunch,7,Casual,3,3,3,0
2028,Lunch,6,Business,3,3,5,1
2029,Dinner,8,Business,1,4,3,1
2030,Lunch,6,Celebration,4,3,5,0
2031,Dinner,6,Casual,4,4,4,0
2032,Dinner,8,Celebration,1,3,2,1
2033,Lunch,2,Celebration,3,5,1,1
2034,Breakfast,7,Business,5,1,5,1
2035,Breakfast,9,Celebration,4,1,1,1
2036,Dinner,6,Business,2,5,1,1
2037,Breakfast,6,Celebration,3,1,4,1
2038,Lunch,1,Casual,3,4,3,0
2039,Dinner,4,Celebration,4,4,4,0
2040,Dinner,2,Casual,2,2,1,1
2041,Lunch,3,Casual,5,5,5,1
2042,Lunch,9,Business,3,5,2,1
2043,Lunch,2,Business,1,3,1,0
2044,Lunch,1,Business,4,5,4,1
2045,Breakfast,3,Casual,4,2,5,1
2046,Breakfast,1,Business,5,2,5,0
2047,Lunch,7,Business,5,4,1,0
2048,Dinner,4,Casual,4,4,1,1
2049,Breakfast,1,Business,3,2,3,0
2050,Dinner,8,Business,5,2,3,0
2051,Lunch,2,Celebration,5,2,1,1
2052,Dinner,7,Casual,4,4,4,1
2053,Lunch,3,Business,1,5,5,0
2054,Lunch,4,Casual,4,4,5,0
2055,Lunch,4,Casual,5,3,2,0
2056,Lunch,1,Celebration,3,2,5,1
2057,Breakfast,5,Celebration,3,4,3,1
2058,Lunch,5,Celebration,5,4,3,0
2059,Lunch,4,Celebration,3,2,1,0
2060,Breakfast,7,Casual,1,4,3,0
2061,Breakfast,3,Celebration,3,2,5,0
2062,Dinner,3,Business,4,4,2,0
2063,Breakfast,9,Casual,3,5,1,1
2064,Breakfast,6,Celebration,1,4,2,0
2065,Dinner,1,Celebration,4,5,2,1
2066,Dinner,6,Business,3,3,4,0
2067,Dinner,1,Business,5,4,2,0
2068,Dinner,7,Casual,2,3,3,0
2069,Dinner,6,Business,1,1,5,1
2070,Lunch,4,Business,5,2,1,0
2071,Breakfast,6,Celebration,3,3,5,0
2072,Breakfast,7,Celebration,4,1,1,0
2073,Breakfast,2,Business,4,5,3,0
2074,Dinner,3,Celebration,3,4,2,0
2075,Lunch,1,Business,4,3,4,1
2076,Lunch,7,Casual,1,1,2,1
2077,Dinner,4,Business,1,3,3,1
2078,Breakfast,4,Business,1,2,3,1
2079,Lunch,1,Business,1,1,4,1
2080,Breakfast,6,Celebration,5,2,4,1
2081,Dinner,5,Business,2,1,3,1
2082,Breakfast,9,Casual,3,4,5,0
2083,Dinner,2,Casual,3,5,1,1
2084,Lunch,1,Business,5,4,5,0
2085,Dinner,4,Celebration,3,3,1,0
2086,Dinner,2,Celebration,5,5,4,0
2087,Dinner,7,Celebration,2,5,4,1
2088,Lunch,5,Business,2,3,2,0
2089,Breakfast,5,Casual,4,3,1,0
2090,Dinner,6,Casual,5,3,5,0
2091,Dinner,1,Casual,4,1,1,0
2092,Lunch,7,Casual,2,1,2,1
2093,Lunch,2,Business,3,3,1,0
2094,Breakfast,2,Celebration,3,2,2,0
2095,Dinner,4,Casual,3,1,1,1
2096,Breakfast,3,Business,5,2,2,1
2097,Lunch,6,Celebration,2,4,5,0
2098,Breakfast,9,Casual,4,3,2,0
2099,Lunch,4,Celebration,3,5,4,0
2100,Dinner,5,Business,5,2,2,1
2101,Dinner,7,Celebration,5,4,2,1
2102,Lunch,3,Celebration,1,1,5,0
2103,Breakfast,4,Business,5,3,2,1
2104,Dinner,7,Business,3,1,4,1
2105,Lunch,7,Celebration,5,2,4,0
2106,Dinner,6,Business,3,4,3,0
2107,Breakfast,9,Celebration,2,3,1,1
2108,Dinner,2,Casual,2,1,3,1
2109,Breakfast,3,Casual,1,2,1,0
2110,Lunch,1,Celebration,2,4,3,0
2111,Dinner,5,Casual,3,3,4,0
2112,Breakfast,3,Celebration,1,1,2,1
2113,Lunch,6,Casual,4,4,2,1
2114,Breakfast,4,Celebration,2,1,4,0
2115,Lunch,1,Business,5,5,4,0
2116,Lunch,6,Casual,2,3,5,0
2117,Lunch,5,Casual,4,1,5,0
2118,Breakfast,7,Casual,4,1,1,1
2119,Lunch,6,Celebration,2,4,1,1
2120,Lunch,3,Celebration,3,1,3,1
2121,Lunch,4,Casual,2,3,5,1
2122,Dinner,8,Celebration,5,2,3,0
2123,Breakfast,4,Business,5,4,3,0
2124,Lunch,4,Business,2,5,3,1
2125,Breakfast,4,Celebration,1,4,1,0
2126,Breakfast,7,Casual,1,5,2,0
2127,Dinner,2,Casual,3,2,1,0
2128,Breakfast,5,Casual,1,4,2,1
2129,Lunch,4,Business,4,4,5,0
2130,Dinner,6,Celebration,4,3,3,0
2131,Breakfast,8,Casual,4,4,2,1
2132,Dinner,1,Casual,5,2,1,0
2133,Dinner,6,Business,4,2,1,0
2134,Breakfast,5,Business,2,3,5,1
2135,Dinner,7,Business,4,5,4,0
2136,Breakfast,6,Business,4,5,5,0
2137,Dinner,7,Casual,5,2,4,0
2138,Dinner,4,Business,1,1,5,1
2139,Lunch,5,Celebration,2,3,3,1
2140,Lunch,6,Business,1,4,1,0
2141,Lunch,3,Business,2,4,5,1
2142,Lunch,7,Casual,3,5,5,0
2143,Lunch,8,Casual,5,4,4,0
2144,Breakfast,5,Casual,3,2,3,1
2145,Lunch,9,Casual,3,5,1,0
2146,Dinner,4,Business,2,4,2,0
2147,Lunch,6,Business,3,1,5,1
2148,Dinner,4,Business,1,1,3,1
2149,Lunch,2,Business,1,2,1,0
2150,Lunch,4,Casual,5,2,2,0
2151,Lunch,4,Casual,3,3,3,1
2152,Dinner,6,Casual,2,2,4,1
2153,Breakfast,4,Casual,4,5,4,1
